group,species,individual,leaf,biomass.mg,size.px,size.mm2,comments
forb,VICCRA ,1,1,3.1,21995,159.8473837,
forb,VICCRA ,1,2,2.04,14423,104.818314,
forb,VICCRA ,1,3,3.71,33454,243.125,
forb,VICCRA ,2,1,1.18,10377,75.41424419,
forb,VICCRA ,2,2,2.37,20324,147.7034884,
forb,VICCRA ,2,3,2.79,30573,222.1875,
forb,VICCRA ,3,1,2.27,17162,124.7238372,
forb,VICCRA ,3,2,3.21,23085,167.7688953,
forb,VICCRA ,3,3,4.37,41433,301.1119186,
forb,VICCRA ,4,1,2.19,22965,166.8968023,
forb,VICCRA ,4,2,2.51,20324,147.7034884,
forb,VICCRA ,4,3,2.5,26410,191.9331395,
forb,VICCRA ,5,1,1.66,14558,105.7994186,
forb,VICCRA ,5,2,2.84,23628,171.7151163,
forb,VICCRA ,5,3,2.74,30947,224.9055233,
forb,VICCRA ,6,1,2.9,21325,154.9781977,
forb,VICCRA ,6,2,4.09,30057,218.4375,
forb,VICCRA ,6,3,5.82,52588,382.1802326,
forb,VICCRA ,7,1,1.92,22704,165,
forb,VICCRA ,7,2,2.76,30549,222.0130814,
forb,VICCRA ,7,3,3.42,46686,339.2877907,
forb,VICCRA ,8,1,2,16464,119.6511628,
forb,VICCRA ,8,2,1.75,12762,92.74709302,
forb,VICCRA ,8,3,3.11,28923,210.1962209,
forb,VICCRA ,9,1,2.74,19171,139.3241279,
forb,VICCRA ,9,2,3.5,16037,116.5479651,
forb,VICCRA ,9,3,2.96,27478,199.6947674,
forb,VICCRA ,10,1,1.65,10829,78.69912791,
forb,VICCRA ,10,2,3.04,19252,139.9127907,
forb,VICCRA ,10,3,3.29,20019,145.4869186,
grass,LOLMUL,1,1,4.08,32375,235.2834302,
grass,LOLMUL,1,2,10.63,80268,583.3430233,
grass,LOLMUL,1,3,6.48,50445,366.6061047,
grass,LOLMUL,2,1,3.25,32752,238.0232558,
grass,LOLMUL,2,2,8.27,76815,558.2485465,
grass,LOLMUL,2,3,9.61,99816,725.4069767,
grass,LOLMUL,3,1,4.34,44075,320.3125,
grass,LOLMUL,3,2,13,119457,868.1468023,
grass,LOLMUL,3,3,9.53,87733,637.5944767,
grass,LOLMUL,4,1,4.59,40706,295.8284884,
grass,LOLMUL,4,2,8.26,74475,541.2427326,
grass,LOLMUL,4,3,10.95,107321,779.9491279,
grass,LOLMUL,5,1,3.07,25351,184.2369186,
grass,LOLMUL,5,2,7.08,58692,426.5406977,
grass,LOLMUL,5,3,10.38,88352,642.0930233,
grass,LOLMUL,6,1,3.62,37827,274.9055233,
grass,LOLMUL,6,2,6.66,60751,441.5043605,
grass,LOLMUL,6,3,13.88,103585,752.7979651,
grass,LOLMUL,7,1,5.02,43345,315.0072674,
grass,LOLMUL,7,2,7.19,18742,136.2063953,
grass,LOLMUL,7,3,15.67,123159,895.0508721,
grass,LOLMUL,8,1,2.92,30005,218.059593,
grass,LOLMUL,8,2,8.06,73299,532.6962209,
grass,LOLMUL,8,3,9.39,83215,604.7601744,
grass,LOLMUL,9,1,4.28,43343,314.9927326,
grass,LOLMUL,9,2,9.87,85498,621.3517442,
grass,LOLMUL,9,3,10.66,106334,772.7761628,
grass,LOLMUL,10,1,5.2,42444,308.4593023,
grass,LOLMUL,10,2,8.29,68559,498.2485465,
grass,LOLMUL,10,3,4.61,41448,301.2209302,
forb,GALALB,1,1,1.21,9983,72.55087209,4 leaves measured together (emerge in a whorl)
forb,GALALB,2,1,1.92,15692,114.0406977,
forb,GALALB,3,1,0.72,7448,54.12790698,
forb,GALALB,4,1,2.18,15185,110.3561047,
forb,GALALB,5,1,1.72,14696,106.8023256,
forb,GALALB,6,1,1.17,10767,78.24854651,
forb,GALALB,7,1,1.76,11815,85.86482558,
forb,GALALB,8,1,1.47,10109,73.46656977,
forb,GALALB,9,1,2.2,15557,113.059593,
forb,GALALB,10,1,1.22,10720,77.90697674,
forb,LATPRA,1,1,1.85,12637,91.83866279,
forb,LATPRA,1,2,2.08,13195,95.89389535,
forb,LATPRA,1,3,1.97,10595,76.99854651,
forb,LATPRA,2,1,1.95,12045,87.53633721,
forb,LATPRA,2,2,2.59,17063,124.0043605,
forb,LATPRA,2,3,1.92,14768,107.3255814,
forb,LATPRA,3,1,1.03,4502,32.71802326,
forb,LATPRA,3,2,2.18,13546,98.44476744,
forb,LATPRA,3,3,2.26,16533,120.1526163,
forb,LATPRA,4,1,1.39,9459,68.74273256,
forb,LATPRA,4,2,1.72,11620,84.44767442,
forb,LATPRA,4,3,2.4,21426,155.7122093,
forb,LATPRA,5,1,2.19,16940,123.1104651,
forb,LATPRA,5,2,1.98,13346,96.99127907,
forb,LATPRA,5,3,1.31,7954,57.80523256,
forb,LATPRA,6,1,1.22,8553,62.15843023,
forb,LATPRA,6,2,1.11,9039,65.69040698,
forb,LATPRA,6,3,1.13,7226,52.51453488,
forb,LATPRA,7,1,1.69,10848,78.8372093,
forb,LATPRA,7,2,2.11,15480,112.5,
forb,LATPRA,7,3,2.72,21416,155.6395349,
forb,LATPRA,8,1,3.03,19273,140.065407,
forb,LATPRA,8,2,2.41,17724,128.8081395,
forb,LATPRA,8,3,1.73,16954,123.2122093,
forb,LATPRA,9,1,1.2,7964,57.87790698,
forb,LATPRA,9,2,2,15239,110.7485465,
forb,LATPRA,9,3,2.35,19585,142.3328488,
forb,LATPRA,10,1,2.1,14095,102.434593,
forb,LATPRA,10,2,2.02,12714,92.39825581,
forb,LATPRA,10,3,2.21,18056,131.2209302,
forb,MEDFAL,1,1,3.12,8358,60.74127907,
forb,MEDFAL,1,2,4.42,15489,112.565407,
forb,MEDFAL,1,3,3.09,12574,91.38081395,
forb,MEDFAL,2,1,2.29,11191,81.32994186,
forb,MEDFAL,2,2,5.02,19767,143.6555233,
forb,MEDFAL,2,3,5.66,19314,140.3633721,
forb,MEDFAL,3,1,3.16,9067,65.89389535,
forb,MEDFAL,3,2,2.94,11971,86.99854651,
forb,MEDFAL,3,3,1.51,7277,52.88517442,
forb,MEDFAL,4,1,2.86,8476,61.59883721,
forb,MEDFAL,4,2,2.46,9874,71.75872093,
forb,MEDFAL,4,3,1.77,8912,64.76744186,
forb,MEDFAL,5,1,2.92,9533,69.28052326,
forb,MEDFAL,5,2,3.23,12876,93.5755814,
forb,MEDFAL,5,3,2.21,9527,69.2369186,
forb,MEDFAL,6,1,3.72,11666,84.78197674,
forb,MEDFAL,6,2,3.31,16004,116.3081395,
forb,MEDFAL,6,3,2.34,11849,86.1119186,
forb,MEDFAL,7,1,4.08,16108,117.0639535,
forb,MEDFAL,7,2,2.12,9892,71.88953488,
forb,MEDFAL,7,3,0.87,5607,40.74854651,
forb,MEDFAL,8,1,3.02,9614,69.86918605,
forb,MEDFAL,8,2,3.08,13371,97.17296512,
forb,MEDFAL,8,3,3.92,14603,106.1264535,
forb,MEDFAL,9,1,1.48,4720,34.30232558,
forb,MEDFAL,9,2,2.67,10555,76.70784884,
forb,MEDFAL,9,3,1.09,5448,39.59302326,
forb,MEDFAL,10,1,1.44,7234,52.57267442,
forb,MEDFAL,10,2,1.88,9576,69.59302326,
forb,MEDFAL,10,3,2.41,9706,70.5377907,
grass,CYNCRI,1,1,0.82,5774,41.9622093,
grass,CYNCRI,1,2,2.42,13419,97.52180233,
grass,CYNCRI,1,3,1.02,6319,45.92296512,
grass,CYNCRI,2,1,2.37,15465,112.3909884,
grass,CYNCRI,2,2,0.66,5703,41.44622093,
grass,CYNCRI,2,3,1.42,8496,61.74418605,
grass,CYNCRI,3,1,0.57,4525,32.88517442,
grass,CYNCRI,3,2,1.78,23637,171.7805233,
grass,CYNCRI,3,3,1.54,11618,84.43313953,
grass,CYNCRI,4,1,0.84,6874,49.95639535,
grass,CYNCRI,4,2,2.54,19619,142.5799419,
grass,CYNCRI,4,3,1.53,12787,92.92877907,
grass,CYNCRI,5,1,2.17,17413,126.5479651,
grass,CYNCRI,5,2,0.6,6931,50.37063953,
grass,CYNCRI,5,3,1.84,14319,104.0625,
grass,CYNCRI,6,1,2.13,13123,95.37063953,
grass,CYNCRI,6,2,0.58,4535,32.95784884,
grass,CYNCRI,6,3,1.09,8700,63.22674419,
grass,CYNCRI,7,1,0.61,4281,31.1119186,
grass,CYNCRI,7,2,1.68,14170,102.9796512,
grass,CYNCRI,7,3,2.32,14460,105.0872093,
grass,CYNCRI,8,1,2.2,15945,115.8793605,
grass,CYNCRI,8,2,0.68,4653,33.81540698,
grass,CYNCRI,8,3,0.82,7158,52.02034884,
grass,CYNCRI,9,1,0.6,4219,30.66133721,
grass,CYNCRI,9,2,2.21,13777,100.1235465,
grass,CYNCRI,9,3,0.58,4527,32.8997093,
grass,CYNCRI,10,1,0.79,6835,49.67296512,
grass,CYNCRI,10,2,2.55,15470,112.4273256,
grass,CYNCRI,10,3,2.95,24012,174.505814,
grass,DACGLO,1,1,2.7,29968,217.7906977,
grass,DACGLO,1,2,2.63,8767,63.71366279,
grass,DACGLO,1,3,1.2,11098,80.65406977,
grass,DACGLO,2,1,1.39,11030,80.15988372,
grass,DACGLO,2,2,5.48,37948,275.7848837,
grass,DACGLO,2,3,7.62,60974,443.125,
grass,DACGLO,3,1,1.01,11453,83.23401163,
grass,DACGLO,3,2,1.86,15336,111.4534884,
grass,DACGLO,3,3,3.55,26919,195.6322674,
grass,DACGLO,4,1,2,21526,156.4389535,
grass,DACGLO,4,2,0.56,7655,55.63226744,
grass,DACGLO,4,3,0.94,14345,104.2514535,
grass,DACGLO,5,1,0.89,7654,55.625,
grass,DACGLO,5,2,3.07,22357,162.4781977,
grass,DACGLO,5,3,2.45,14972,108.8081395,
grass,DACGLO,6,1,0.83,6011,43.68459302,
grass,DACGLO,6,2,2.27,20734,150.6831395,
grass,DACGLO,6,3,2.57,23563,171.2427326,
grass,DACGLO,7,1,2.87,27208,197.7325581,
grass,DACGLO,7,2,1.41,11735,85.28343023,
grass,DACGLO,7,3,4.78,41987,305.1380814,
grass,DACGLO,8,1,3.08,27101,196.9549419,
grass,DACGLO,8,2,6.57,55654,404.4622093,
grass,DACGLO,8,3,2.53,23764,172.7034884,
grass,DACGLO,9,1,1.45,13722,99.72383721,
grass,DACGLO,9,2,3.89,32786,238.2703488,
grass,DACGLO,9,3,2.54,22643,164.556686,
grass,DACGLO,10,1,1.32,9644,70.0872093,
grass,DACGLO,10,2,4.03,33480,243.3139535,
grass,DACGLO,10,3,2.12,14814,107.6598837,
forb,LOTCOR,1,1,2.41,12023,87.37645349,
forb,LOTCOR,1,2,1.93,11142,80.97383721,
forb,LOTCOR,1,3,2.27,13078,95.04360465,
forb,LOTCOR,2,1,2.09,9140,66.4244186,
forb,LOTCOR,2,2,1.96,7666,55.7122093,
forb,LOTCOR,2,3,1.68,7688,55.87209302,
forb,LOTCOR,3,1,1.6,9726,70.68313953,
forb,LOTCOR,3,2,1.73,9512,69.12790698,
forb,LOTCOR,3,3,1.53,9669,70.26889535,
forb,LOTCOR,4,1,1.76,8878,64.52034884,
forb,LOTCOR,4,2,2.17,10394,75.5377907,
forb,LOTCOR,4,3,1.95,11800,85.75581395,
forb,LOTCOR,5,1,1.59,9295,67.55087209,
forb,LOTCOR,5,2,2.25,10859,78.91715116,
forb,LOTCOR,5,3,1.77,8024,58.31395349,
forb,LOTCOR,6,1,1.48,8122,59.02616279,
forb,LOTCOR,6,2,1.03,6577,47.79796512,
forb,LOTCOR,6,3,1.52,7723,56.12645349,
forb,LOTCOR,7,1,1.74,9342,67.89244186,
forb,LOTCOR,7,2,1.53,7616,55.34883721,
forb,LOTCOR,7,3,1.47,8005,58.17587209,
forb,LOTCOR,8,1,1.15,4904,35.63953488,
forb,LOTCOR,8,2,1.18,5420,39.38953488,
forb,LOTCOR,8,3,1.41,7913,57.50726744,
forb,LOTCOR,9,1,1.78,12388,90.02906977,
forb,LOTCOR,9,2,1.68,12525,91.0247093,
forb,LOTCOR,9,3,1.67,11628,84.50581395,
forb,LOTCOR,10,1,1.67,10069,73.17587209,
forb,LOTCOR,10,2,1.4,8880,64.53488372,
forb,LOTCOR,10,3,0.99,7264,52.79069767,
forb,MEDLUP,1,1,5.39,21420,155.6686047,
forb,MEDLUP,1,2,6.78,29410,213.7354651,
forb,MEDLUP,1,3,5.39,28990,210.6831395,
forb,MEDLUP,2,1,7.87,27288,198.3139535,
forb,MEDLUP,2,2,8.03,25409,184.6584302,
forb,MEDLUP,2,3,9.41,35210,255.8866279,
forb,MEDLUP,3,1,5.32,22557,163.931686,
forb,MEDLUP,3,2,4.96,27141,197.2456395,
forb,MEDLUP,3,3,6.2,28674,208.3866279,
forb,MEDLUP,4,1,4.33,15066,109.4912791,
forb,MEDLUP,4,2,5.53,27751,201.6787791,
forb,MEDLUP,4,3,4.24,26886,195.3924419,
forb,MEDLUP,5,1,7.32,25737,187.0421512,
forb,MEDLUP,5,2,9.25,31966,232.3110465,
forb,MEDLUP,5,3,6.93,29788,216.4825581,
forb,MEDLUP,6,1,6.66,23057,167.565407,
forb,MEDLUP,6,2,9.24,32497,236.1700581,
forb,MEDLUP,6,3,8.86,35762,259.8982558,
forb,MEDLUP,7,1,10.51,40315,292.9869186,
forb,MEDLUP,7,2,11.55,30194,219.4331395,
forb,MEDLUP,7,3,15.47,46431,337.434593,
forb,MEDLUP,8,1,8.26,36629,266.1991279,
forb,MEDLUP,8,2,10.44,31959,232.2601744,
forb,MEDLUP,8,3,11.8,40008,290.755814,
forb,MEDLUP,9,1,5.08,22975,166.9694767,
forb,MEDLUP,9,2,6.34,20513,149.0770349,
forb,MEDLUP,9,3,6.85,25991,188.8880814,
forb,MEDLUP,10,1,11.14,33364,242.4709302,
forb,MEDLUP,10,2,6.94,19791,143.8299419,
forb,MEDLUP,10,3,11.8,31181,226.6061047,
forb,HYPRAD,1,1,8.26,44855,325.9811047,
forb,HYPRAD,1,2,6.25,48339,351.3008721,
forb,HYPRAD,1,3,8.19,46818,340.247093,
forb,HYPRAD,2,1,6.56,39660,288.2267442,
forb,HYPRAD,2,2,6.02,36405,264.5712209,
forb,HYPRAD,2,3,5.95,35696,259.4186047,
forb,HYPRAD,3,1,13.62,76568,556.4534884,
forb,HYPRAD,3,2,14.66,76350,554.869186,
forb,HYPRAD,3,3,8.4,43601,316.8677326,
forb,HYPRAD,4,1,11.42,48910,355.4505814,
forb,HYPRAD,4,2,5.44,38089,276.809593,
forb,HYPRAD,4,3,11.04,53158,386.3226744,
forb,HYPRAD,5,1,7.67,41350,300.5087209,
forb,HYPRAD,5,2,8.25,47023,341.7369186,
forb,HYPRAD,5,3,7.54,40148,291.7732558,
forb,HYPRAD,6,1,9.99,55265,401.6351744,
forb,HYPRAD,6,2,9.52,52616,382.3837209,
forb,HYPRAD,6,3,5.66,38254,278.0087209,
forb,HYPRAD,7,1,11.33,58611,425.9520349,
forb,HYPRAD,7,2,5.27,40235,292.4055233,
forb,HYPRAD,7,3,6.99,40109,291.4898256,
forb,HYPRAD,8,1,10.25,53680,390.1162791,
forb,HYPRAD,8,2,8.68,44028,319.9709302,
forb,HYPRAD,8,3,7.24,35013,254.4549419,
forb,HYPRAD,9,1,8.47,39065,283.9026163,
forb,HYPRAD,9,2,8.51,43482,316.002907,
forb,HYPRAD,9,3,5.9,31847,231.4462209,
forb,HYPRAD,10,1,6.03,44363,322.4055233,
forb,HYPRAD,10,2,11.98,55751,405.1671512,
forb,HYPRAD,10,3,9.01,47364,344.2151163,
forb,PICHIE,1,1,7.6,39939,290.2543605,
forb,PICHIE,1,2,7.63,34807,252.9578488,
forb,PICHIE,1,3,7.42,33490,243.3866279,
forb,PICHIE,2,1,8.08,38515,279.9055233,
forb,PICHIE,2,2,6.73,32405,235.5014535,
forb,PICHIE,2,3,7.67,33552,243.8372093,
forb,PICHIE,3,1,9.67,36949,268.5247093,
forb,PICHIE,3,2,10.69,45062,327.4854651,
forb,PICHIE,3,3,6.07,38472,279.5930233,
forb,PICHIE,4,1,6.82,30719,223.2485465,
forb,PICHIE,4,2,4.41,26223,190.5741279,
forb,PICHIE,4,3,7.09,30930,224.7819767,
forb,PICHIE,5,1,6.01,29586,215.0145349,
forb,PICHIE,5,2,6.35,29552,214.7674419,
forb,PICHIE,5,3,4.71,30486,221.5552326,
forb,PICHIE,6,1,6.9,32903,239.1206395,
forb,PICHIE,6,2,8.23,38661,280.9665698,
forb,PICHIE,6,3,8.34,37156,270.0290698,
forb,PICHIE,7,1,7.16,28197,204.9200581,
forb,PICHIE,7,2,8.09,36964,268.6337209,
forb,PICHIE,7,3,6.2,29351,213.306686,
forb,PICHIE,8,1,6.77,37295,271.0392442,
forb,PICHIE,8,2,12.37,52037,378.1758721,
forb,PICHIE,8,3,11.75,49328,358.4883721,
forb,PICHIE,9,1,3.96,28141,204.5130814,
forb,PICHIE,9,2,9.49,38365,278.815407,
forb,PICHIE,9,3,7.91,45351,329.5857558,
forb,PICHIE,10,1,7.89,28330,205.8866279,
forb,PICHIE,10,2,7.53,26355,191.5334302,
forb,PICHIE,10,3,8.71,266099,1933.859012,
forb,SILLAT,1,1,6.09,23225,168.7863372,
forb,SILLAT,1,2,5.75,22922,166.5843023,
forb,SILLAT,1,3,3.8,16073,116.809593,
forb,SILLAT,2,1,6.93,32794,238.3284884,
forb,SILLAT,2,2,7.24,33909,246.431686,
forb,SILLAT,2,3,3.87,18469,134.2223837,
forb,SILLAT,3,1,4.97,29908,217.3546512,
forb,SILLAT,3,2,6.04,34382,249.869186,
forb,SILLAT,3,3,3.87,25897,188.2049419,
forb,SILLAT,4,1,4.62,22656,164.6511628,
forb,SILLAT,4,2,4.34,20193,146.7514535,
forb,SILLAT,4,3,3.13,15469,112.4200581,
forb,SILLAT,5,1,6.14,28869,209.8037791,
forb,SILLAT,5,2,6.98,28519,207.2601744,
forb,SILLAT,5,3,3.65,17552,127.5581395,
forb,SILLAT,6,1,9.07,40076,291.25,
forb,SILLAT,6,2,9.09,39446,286.6715116,
forb,SILLAT,6,3,4.95,25065,182.1584302,
forb,SILLAT,7,1,6.28,21469,156.0247093,
forb,SILLAT,7,2,7.71,24579,178.6264535,
forb,SILLAT,7,3,4.83,18713,135.9956395,
forb,SILLAT,8,1,6.97,32923,239.2659884,
forb,SILLAT,8,2,8.62,35926,261.0901163,
forb,SILLAT,8,3,6.54,30310,220.2761628,
forb,SILLAT,9,1,11.3,44008,319.8255814,
forb,SILLAT,9,2,10.07,41265,299.8909884,
forb,SILLAT,9,3,7.86,36613,266.0828488,
forb,SILLAT,10,1,10.5,47686,346.5552326,
forb,SILLAT,10,2,7.75,36905,268.2049419,
forb,SILLAT,10,3,6.63,27983,203.3648256,
forb,SILVUL,1,1,5.92,22629,164.4549419,
forb,SILVUL,1,2,6.32,23992,174.3604651,
forb,SILVUL,1,3,3.68,16160,117.4418605,
forb,SILVUL,2,1,14.3,42261,307.1293605,
forb,SILVUL,2,2,12.12,40058,291.119186,
forb,SILVUL,2,3,6.59,26207,190.4578488,
forb,SILVUL,3,1,6.22,29801,216.5770349,
forb,SILVUL,3,2,5.91,28984,210.6395349,
forb,SILVUL,3,3,3.24,18255,132.6671512,
forb,SILVUL,4,1,4.85,25141,182.7107558,
forb,SILVUL,4,2,4.52,23630,171.7296512,
forb,SILVUL,4,3,4.25,20154,146.4680233,
forb,SILVUL,5,1,12.93,47006,341.6133721,
forb,SILVUL,5,2,10.08,40602,295.0726744,
forb,SILVUL,5,3,10.57,403801,2934.600291,
forb,SILVUL,6,1,5.5,26260,190.8430233,
forb,SILVUL,6,2,5.55,25547,185.6613372,
forb,SILVUL,6,3,3.59,17510,127.252907,
forb,SILVUL,7,1,7.95,27839,202.318314,
forb,SILVUL,7,2,8.71,27023,196.3880814,
forb,SILVUL,7,3,5.04,18651,135.5450581,
forb,SILVUL,8,1,5.54,29820,216.7151163,
forb,SILVUL,8,2,6.42,29101,211.4898256,
forb,SILVUL,8,3,4.26,22190,161.2645349,
forb,SILVUL,9,1,3.68,20115,146.184593,
forb,SILVUL,9,2,3.41,18185,132.1584302,
forb,SILVUL,9,3,2.2,15123,109.9055233,
forb,SILVUL,10,1,6.18,25348,184.2151163,
forb,SILVUL,10,2,6.93,26690,193.9680233,
forb,SILVUL,10,3,3.54,18166,132.0203488,
forb,STAREC,1,1,3.09,16406,119.2296512,
forb,STAREC,1,2,1.69,12829,93.23401163,
forb,STAREC,1,3,2.23,10505,76.34447674,
forb,STAREC,2,1,2.55,17880,129.9418605,
forb,STAREC,2,2,2.11,14339,104.2078488,
forb,STAREC,2,3,1.76,12492,90.78488372,
forb,STAREC,3,1,3.18,19777,143.7281977,
forb,STAREC,3,2,4.43,23939,173.9752907,
forb,STAREC,3,3,2.8,15052,109.3895349,
forb,STAREC,4,1,5.25,30644,222.7034884,
forb,STAREC,4,2,4.44,27599,200.5741279,
forb,STAREC,4,3,4.02,19696,143.1395349,
forb,STAREC,5,1,2.07,20530,149.2005814,
forb,STAREC,5,2,2.47,20565,149.4549419,
forb,STAREC,5,3,1.91,12150,88.2994186,
forb,STAREC,6,1,4.29,27919,202.8997093,
forb,STAREC,6,2,3.33,23338,169.6075581,
forb,STAREC,6,3,5.47,25676,186.5988372,
forb,STAREC,7,1,5.56,34553,251.1119186,
forb,STAREC,7,2,4.27,28801,209.309593,
forb,STAREC,7,3,3.95,20851,151.5334302,
forb,STAREC,8,1,4.06,28129,204.4258721,
forb,STAREC,8,2,4.77,27519,199.9927326,
forb,STAREC,8,3,5.69,31632,229.8837209,
forb,STAREC,9,1,1.79,21309,154.8619186,
forb,STAREC,9,2,2.91,27456,199.5348837,
forb,STAREC,9,3,3.34,22633,164.4840116,
forb,STAREC,10,1,6.34,34089,247.7398256,
forb,STAREC,10,2,7.18,38319,278.4811047,
forb,STAREC,10,3,3.98,19890,144.5494186,
forb,KNAARV,1,1,8.72,55585,403.9607558,
forb,KNAARV,1,2,8.96,58777,427.1584302,
forb,KNAARV,1,3,4.41,29251,212.5799419,
forb,KNAARV,2,1,7.84,42544,309.1860465,
forb,KNAARV,2,2,8,44891,326.2427326,
forb,KNAARV,3,1,10.41,40915,297.3473837,center-right-left
forb,KNAARV,3,2,10.36,43117,313.3502907,
forb,KNAARV,3,3,7.93,31985,232.4491279,
forb,KNAARV,4,1,8.73,41072,298.4883721,
forb,KNAARV,4,2,9.08,49212,357.6453488,
forb,KNAARV,4,3,5.69,33615,244.2950581,
forb,KNAARV,5,1,7.1,38964,283.1686047,
forb,KNAARV,5,2,9.23,45833,333.0886628,
forb,KNAARV,5,3,5.78,33733,245.1526163,
forb,KNAARV,6,1,6.49,35803,260.1962209,
forb,KNAARV,6,2,6.69,35535,258.2485465,
forb,KNAARV,6,3,7.2,33896,246.3372093,
forb,KNAARV,7,1,5.88,38772,281.7732558,
forb,KNAARV,7,2,4.75,30956,224.9709302,
forb,KNAARV,7,3,4.5,27495,199.818314,
forb,KNAARV,8,1,19.55,53205,386.6642442,
forb,KNAARV,8,2,20.08,55693,404.7456395,
forb,KNAARV,8,3,13.67,46471,337.7252907,
forb,KNAARV,9,1,12.22,39277,285.443314,
forb,KNAARV,9,2,13.12,41299,300.1380814,
forb,KNAARV,9,3,11.06,32438,235.7412791,
forb,KNAARV,10,1,4.47,27775,201.8531977,
forb,KNAARV,10,2,4.8,28207,204.9927326,
forb,KNAARV,10,3,2.35,12580,91.4244186,
forb,ACHMIL,1,1,0.89,5845,42.47819767,
forb,ACHMIL,1,2,1.36,8449,61.40261628,
forb,ACHMIL,1,3,1.08,10689,77.68168605,
forb,ACHMIL,2,1,1.15,7870,57.19476744,
forb,ACHMIL,2,2,0.85,8224,59.76744186,
forb,ACHMIL,2,3,1.27,14791,107.4927326,
forb,ACHMIL,3,1,0.81,5665,41.17005814,
forb,ACHMIL,3,2,1.43,6143,44.64389535,
forb,ACHMIL,3,3,1.47,10136,73.6627907,
forb,ACHMIL,4,1,0.57,3981,28.93168605,
forb,ACHMIL,4,2,0.69,4841,35.18168605,
forb,ACHMIL,4,3,0.9,10078,73.24127907,
forb,ACHMIL,5,1,1.17,8966,65.15988372,
forb,ACHMIL,5,2,1.53,9063,65.86482558,
forb,ACHMIL,5,3,1.93,13514,98.2122093,
forb,ACHMIL,6,1,1.97,10746,78.09593023,
forb,ACHMIL,6,2,2.09,12049,87.56540698,
forb,ACHMIL,6,3,4.26,26086,189.5784884,
forb,ACHMIL,7,1,1.42,10377,75.41424419,
forb,ACHMIL,7,2,1.36,9319,67.7252907,
forb,ACHMIL,7,3,1.36,10672,77.55813953,
forb,ACHMIL,8,1,0.79,6415,46.62063953,
forb,ACHMIL,8,2,1.09,8236,59.85465116,
forb,ACHMIL,8,3,1.76,12287,89.29505814,
forb,ACHMIL,9,1,1.71,13368,97.15116279,
forb,ACHMIL,9,2,1.86,13136,95.46511628,
forb,ACHMIL,9,3,2.1,18299,132.9869186,
forb,ACHMIL,10,1,0.77,8344,60.63953488,
forb,ACHMIL,10,2,1.14,7048,51.22093023,
forb,ACHMIL,10,3,0.41,7930,57.63081395,
forb,LEUVUL,1,1,2.36,13682,99.43313953,
forb,LEUVUL,1,2,3.56,13231,96.15552326,
forb,LEUVUL,1,3,3.28,11664,84.76744186,
forb,LEUVUL,2,1,3,17278,125.5668605,
forb,LEUVUL,2,2,3.11,18484,134.3313953,
forb,LEUVUL,2,3,2.64,16836,122.3546512,
forb,LEUVUL,3,1,1.44,7946,57.74709302,
forb,LEUVUL,3,2,1.94,8418,61.17732558,
forb,LEUVUL,3,3,1.18,5333,38.75726744,
forb,LEUVUL,4,1,3.5,16517,120.0363372,
forb,LEUVUL,4,2,2.52,16823,122.2601744,
forb,LEUVUL,4,3,2.07,15833,115.065407,
forb,LEUVUL,5,1,2.24,13135,95.45784884,
forb,LEUVUL,5,2,2.5,12090,87.86337209,
forb,LEUVUL,5,3,3.05,15600,113.372093,
forb,LEUVUL,6,1,3.72,20600,149.7093023,
forb,LEUVUL,6,2,4.14,17356,126.1337209,
forb,LEUVUL,6,3,3,15801,114.8328488,
forb,LEUVUL,7,1,1.94,10925,79.39680233,
forb,LEUVUL,7,2,1.53,10247,74.46947674,
forb,LEUVUL,7,3,1.06,9541,69.33866279,
forb,LEUVUL,8,1,1.82,12391,90.05087209,
forb,LEUVUL,8,2,1.34,10328,75.05813953,
forb,LEUVUL,8,3,0.8,9099,66.12645349,
forb,LEUVUL,9,1,1.9,11154,81.06104651,
forb,LEUVUL,9,2,2.2,13687,99.46947674,
forb,LEUVUL,9,3,1.53,7024,51.04651163,
forb,LEUVUL,10,1,1.6,9588,69.68023256,
forb,LEUVUL,10,2,1.89,10980,79.79651163,
forb,LEUVUL,10,3,0.6,6926,50.33430233,
forb,CRECAP,1,1,2.39,19379,140.8357558,
forb,CRECAP,1,2,2.32,19448,141.3372093,
forb,CRECAP,1,3,1.79,16289,118.3793605,
forb,CRECAP,2,1,2.28,18461,134.1642442,
forb,CRECAP,2,2,2.07,16374,118.997093,
forb,CRECAP,2,3,3.11,22142,160.9156977,
forb,CRECAP,3,1,1.9,14930,108.502907,
forb,CRECAP,3,2,2.53,17563,127.6380814,
forb,CRECAP,3,3,1.92,12878,93.59011628,
forb,CRECAP,4,1,3.07,18962,137.8052326,
forb,CRECAP,4,2,2.69,21011,152.6962209,
forb,CRECAP,4,3,2.16,15692,114.0406977,
forb,CRECAP,5,1,2.01,15053,109.3968023,
forb,CRECAP,5,2,1.76,14191,103.1322674,
forb,CRECAP,5,3,2.15,13061,94.92005814,
forb,CRECAP,6,1,2.43,15154,110.130814,
forb,CRECAP,6,2,2.03,11380,82.70348837,
forb,CRECAP,6,3,2.54,14919,108.4229651,
forb,CRECAP,7,1,2.15,15608,113.4302326,
forb,CRECAP,7,2,2.21,12432,90.34883721,
forb,CRECAP,7,3,2.45,16665,121.1119186,
forb,CRECAP,8,1,2.14,15118,109.869186,
forb,CRECAP,8,2,1.55,14229,103.4084302,
forb,CRECAP,8,3,0.82,19227,139.7311047,
forb,CRECAP,9,1,1.28,13856,100.6976744,
forb,CRECAP,9,2,3.88,25159,182.8415698,
forb,CRECAP,9,3,2.18,18084,131.4244186,
forb,CRECAP,10,1,2.76,13487,98.01598837,
forb,CRECAP,10,2,2.05,16374,118.997093,
forb,CRECAP,10,3,2.09,14136,102.7325581,
grass,LOLPER,1,1,,28713,208.6700581,top to bottom
grass,LOLPER,1,2,,31293,227.4200581,
grass,LOLPER,1,3,,13675,99.38226744,
grass,LOLPER,2,1,,31391,228.1322674,
grass,LOLPER,2,2,,13087,95.10901163,
grass,LOLPER,2,3,,167767,1219.236919,
grass,LOLPER,3,1,,12396,90.0872093,
grass,LOLPER,3,2,,36810,267.5145349,
grass,LOLPER,3,3,,26626,193.502907,
grass,LOLPER,4,1,,20853,151.5479651,
grass,LOLPER,4,2,,41125,298.8735465,
grass,LOLPER,4,3,,23158,168.2994186,
grass,LOLPER,5,1,,16609,120.7049419,
grass,LOLPER,5,2,,37144,269.9418605,
grass,LOLPER,5,3,,27475,199.6729651,
grass,LOLPER,6,1,,21239,154.3531977,
grass,LOLPER,6,2,,50059,363.8008721,
grass,LOLPER,6,3,,26604,193.3430233,
grass,LOLPER,7,1,,8451,61.41715116,
grass,LOLPER,7,2,,21273,154.6002907,
grass,LOLPER,7,3,,21194,154.0261628,
grass,LOLPER,8,1,,12820,93.16860465,
grass,LOLPER,8,2,,34360,249.7093023,
grass,LOLPER,8,3,,28961,210.4723837,
grass,LOLPER,9,1,,10895,79.17877907,
grass,LOLPER,9,2,,28898,210.0145349,
grass,LOLPER,9,3,,35012,254.4476744,
grass,LOLPER,10,1,,17248,125.3488372,
grass,LOLPER,10,2,,39556,287.4709302,
grass,LOLPER,10,3,,33558,243.880814,
forb,PRUVUL,1,1,6.8,26023,189.1206395,"same as above, center right left"
forb,PRUVUL,1,2,5.71,27314,198.502907,"starting top right, then left back and forth"
forb,PRUVUL,1,3,2.05,11402,82.86337209,
forb,PRUVUL,2,1,10.2,35966,261.380814,
forb,PRUVUL,2,2,9.7,33911,246.4462209,
forb,PRUVUL,2,3,4.99,22591,164.1787791,
forb,PRUVUL,3,1,8.78,30583,222.2601744,
forb,PRUVUL,3,2,7.1,35110,255.1598837,
forb,PRUVUL,3,3,4.4,20510,149.0552326,
forb,PRUVUL,4,1,8.64,22808,165.755814,
forb,PRUVUL,4,2,4.09,17803,129.3822674,
forb,PRUVUL,4,3,6,27481,199.7165698,
forb,PRUVUL,5,1,16.08,46602,338.6773256,
forb,PRUVUL,5,2,15.55,45176,328.3139535,
forb,PRUVUL,5,3,9.12,34726,252.369186,
forb,PRUVUL,6,1,13.64,35586,258.619186,
forb,PRUVUL,6,2,4.02,15973,116.0828488,
forb,PRUVUL,6,3,12.57,32662,237.369186,
forb,PRUVUL,7,1,12.75,44703,324.8764535,
forb,PRUVUL,7,2,12.89,47251,343.3938953,
forb,PRUVUL,7,3,3.58,8923,64.84738372,
forb,PRUVUL,8,1,15.5,40085,291.315407,
forb,PRUVUL,8,2,7.34,20696,150.4069767,
forb,PRUVUL,8,3,15.89,40561,294.7747093,
forb,PRUVUL,9,1,5.16,20789,151.0828488,
forb,PRUVUL,9,2,6.22,21707,157.7543605,
forb,PRUVUL,9,3,3.49,19991,145.2834302,
forb,PRUVUL,10,1,5.46,31892,231.7732558,this one #3 is on the right
forb,PRUVUL,10,2,9.37,28909,210.0944767,
forb,PRUVUL,10,3,0.7,3826,27.80523256,
forb,RANACR,1,1,6.83,36795,267.4055233,center-right-left
forb,RANACR,1,2,9.98,47056,341.9767442,note that we only have 6 reps
forb,RANACR,1,3,6.06,25055,182.0857558,
forb,RANACR,2,1,5.94,31960,232.2674419,
forb,RANACR,2,2,11.22,43926,319.2296512,
forb,RANACR,2,3,7.29,29369,213.4375,
forb,RANACR,3,1,12.87,51936,377.4418605,
forb,RANACR,3,2,7.48,40095,291.3880814,
forb,RANACR,3,3,8.07,29457,214.0770349,
forb,RANACR,4,1,17.47,70944,515.5813953,
forb,RANACR,4,2,15.35,61190,444.6947674,
forb,RANACR,4,3,6.38,29577,214.9491279,
forb,RANACR,5,1,2.57,16100,117.005814,
forb,RANACR,5,2,7.03,26985,196.1119186,
forb,RANACR,5,3,3.15,11615,84.41133721,
forb,RANACR,6,1,10.07,45484,330.5523256,
forb,RANACR,6,2,3.04,21650,157.3401163,
forb,RANACR,6,3,9.38,32924,239.2732558,
forb,SCAOCH,1,1,9.13,30819,223.9752907,center-right-left
forb,SCAOCH,1,2,11.37,30153,219.1351744,starting with top right plant
forb,SCAOCH,1,3,7.71,21831,158.6555233,
forb,SCAOCH,2,1,7.25,20498,148.9680233,
forb,SCAOCH,2,2,5.52,20980,152.4709302,
forb,SCAOCH,2,3,2.75,16773,121.8968023,
forb,SCAOCH,3,1,7.01,21377,155.3561047,
forb,SCAOCH,3,2,11.76,35493,257.943314,
forb,SCAOCH,3,3,6.69,21983,159.7601744,
forb,SCAOCH,4,1,16.35,30413,221.0247093,
forb,SCAOCH,4,2,12.47,29961,217.7398256,
forb,SCAOCH,4,3,6.08,20150,146.4389535,
forb,SCAOCH,5,1,11.27,24427,177.5218023,
forb,SCAOCH,5,2,10.49,25467,185.0799419,
forb,SCAOCH,5,3,7.8,22138,160.8866279,
forb,SCAOCH,6,1,11.95,41116,298.8081395,
forb,SCAOCH,6,2,10.61,36882,268.0377907,
forb,SCAOCH,6,3,7.46,24305,176.6351744,
forb,SCAOCH,7,1,9.4,22146,160.9447674,
forb,SCAOCH,7,2,6.17,23048,167.5,
forb,SCAOCH,7,3,6.71,19379,140.8357558,
forb,SCAOCH,8,1,9.66,23549,171.1409884,
forb,SCAOCH,8,2,8.31,23843,173.2776163,
forb,SCAOCH,8,3,6.18,19941,144.9200581,
forb,SCAOCH,9,1,4.32,17113,124.3677326,
forb,SCAOCH,9,2,4.31,17367,126.2136628,
forb,SCAOCH,9,3,3.09,15362,111.6424419,
forb,SCAOCH,10,1,6.94,20305,147.565407,
forb,SCAOCH,10,2,6.9,20878,151.7296512,
forb,SCAOCH,10,3,4.57,16433,119.4258721,
forb,SECVAR,1,1,3.48,9560,69.47674419,ONLY HAVE 2 REPS
forb,SECVAR,1,2,5.5,16792,122.0348837,
forb,SECVAR,1,3,1.4,5140,37.35465116,
forb,SECVAR,2,1,3.35,16335,118.7136628,
forb,SECVAR,2,2,2.27,11619,84.44040698,
forb,SECVAR,2,3,11.12,36827,267.6380814,
forb,TRAPRA,1,1,5.02,22890,166.3517442,
forb,TRAPRA,1,2,12.55,68409,497.1584302,
forb,TRAPRA,1,3,12.37,58315,423.8008721,
forb,TRAPRA,2,1,16.35,63380,460.6104651,
forb,TRAPRA,2,2,20.2,92709,673.7572674,
forb,TRAPRA,2,3,11.85,52270,379.869186,
forb,TRAPRA,3,1,21.36,84078,611.0319767,
forb,TRAPRA,3,2,12.62,57823,420.2252907,
forb,TRAPRA,3,3,5.46,16102,117.0203488,
forb,TRAPRA,4,1,7.11,18848,136.9767442,
forb,TRAPRA,4,2,16.51,74702,542.8924419,
forb,TRAPRA,4,3,17.84,57179,415.5450581,
forb,TRAPRA,5,1,14.78,69510,505.1598837,
forb,TRAPRA,5,2,13,49081,356.693314,
forb,TRAPRA,5,3,6.14,30768,223.6046512,
forb,TRAPRA,6,1,20,86320,627.3255814,
forb,TRAPRA,6,2,13.92,48525,352.6526163,
forb,TRAPRA,6,3,1.2,5283,38.39389535,
forb,TRAPRA,7,1,15.21,57568,418.372093,
forb,TRAPRA,7,2,10.85,45133,328.0014535,
forb,TRAPRA,7,3,5.41,21103,153.3648256,
forb,TRAPRA,8,1,16.18,66727,484.934593,
forb,TRAPRA,8,2,16.8,60483,439.556686,
forb,TRAPRA,8,3,11.33,34889,253.5537791,
forb,TRAPRA,9,1,20.72,52809,383.7863372,
forb,TRAPRA,9,2,12.01,34154,248.2122093,
forb,TRAPRA,9,3,4.2,15083,109.6148256,
forb,TRAPRA,10,1,14.83,62730,455.8866279,
forb,TRAPRA,10,2,13.09,40729,295.9956395,
forb,TRAPRA,10,3,10.21,33130,240.7703488,
grass,HELPRA,1,1,,3444,25.02906977,"check notes, HELPRA seeds may not have been the correct species"
grass,HELPRA,1,2,,24402,177.3401163,
grass,HELPRA,1,3,,44226,321.4098837,
grass,HELPRA,2,1,,36332,264.0406977,
grass,HELPRA,2,2,,59276,430.7848837,
grass,HELPRA,2,3,,73858,536.7587209,
grass,HELPRA,3,1,,19721,143.3212209,
grass,HELPRA,3,2,,39419,286.4752907,
grass,HELPRA,3,3,,12251,89.03343023,
grass,HELPRA,4,1,,11956,86.88953488,
grass,HELPRA,4,2,,22572,164.0406977,
grass,HELPRA,4,3,,18981,137.943314,
grass,HELPRA,5,1,,16702,121.380814,
grass,HELPRA,5,2,,41768,303.5465116,
grass,HELPRA,5,3,,51975,377.7252907,
grass,HELPRA,6,1,,23494,170.7412791,
grass,HELPRA,6,2,,42193,306.6351744,
grass,HELPRA,6,3,,18645,135.5014535,
forb,PIMSAX,1,1,6.72,14566,105.8575581,
forb,PIMSAX,1,2,7.01,13960,101.4534884,
forb,PIMSAX,1,3,2.21,7619,55.37063953,
forb,PIMSAX,2,1,4.7,15953,115.9375,
forb,PIMSAX,2,2,5.29,21634,157.2238372,
forb,PIMSAX,2,3,7.11,26794,194.7238372,
forb,PIMSAX,3,1,6.63,21488,156.1627907,
forb,PIMSAX,3,2,4.38,16402,119.2005814,
forb,PIMSAX,3,3,5.71,17496,127.1511628,
forb,PIMSAX,4,1,4.15,9863,71.67877907,
forb,PIMSAX,4,2,5.83,13298,96.64244186,
forb,PIMSAX,4,3,0.93,3765,27.3619186,
forb,PIMSAX,5,1,3.11,10178,73.96802326,
forb,PIMSAX,5,2,0.92,4233,30.7630814,
forb,PIMSAX,5,3,4.24,6859,49.84738372,
forb,PIMSAX,6,1,8.15,22320,162.2093023,
forb,PIMSAX,6,2,5.53,15877,115.3851744,
forb,PIMSAX,6,3,2.3,10002,72.68895349,
forb,PIMSAX,7,1,8.2,16630,120.8575581,
forb,PIMSAX,7,2,4.21,10615,77.14389535,
forb,PIMSAX,7,3,0.96,3834,27.86337209,
forb,PIMSAX,8,1,1.84,7228,52.52906977,
forb,PIMSAX,8,2,2.12,8071,58.65552326,
forb,PIMSAX,8,3,0.52,2467,17.92877907,
forb,PIMSAX,9,1,3.3,9733,70.73401163,
forb,PIMSAX,9,2,5.33,12905,93.78633721,
forb,PIMSAX,9,3,1.41,6043,43.91715116,
forb,PIMSAX,10,1,2.8,9267,67.34738372,
forb,PIMSAX,10,2,2.82,9118,66.26453488,
forb,PIMSAX,10,3,1.71,6993,50.82122093,
forb,PLALAN,1,1,16.87,43425,315.5886628,
forb,PLALAN,1,2,16.84,46528,338.1395349,
forb,PLALAN,1,3,8.68,22476,163.3430233,
forb,PLALAN,2,1,30.66,84965,617.4781977,
forb,PLALAN,2,2,30.04,84299,612.6380814,
forb,PLALAN,2,3,9.22,34996,254.3313953,
forb,PLALAN,3,1,22.35,54273,394.4258721,
forb,PLALAN,3,2,18.71,43276,314.505814,
forb,PLALAN,3,3,6.19,17484,127.0639535,
forb,PLALAN,4,1,20.88,39117,284.2805233,
forb,PLALAN,4,2,28.31,58653,426.2572674,
forb,PLALAN,4,3,6.6,16877,122.6526163,
forb,PLALAN,5,1,20.85,40826,296.7005814,
forb,PLALAN,5,2,23.28,54809,398.3212209,
forb,PLALAN,5,3,8.21,18857,137.0421512,
forb,PLALAN,6,1,16.97,40045,291.0247093,
forb,PLALAN,6,2,19.29,48237,350.559593,
forb,PLALAN,6,3,7.39,20206,146.8459302,
forb,PLALAN,7,1,14.86,50091,364.0334302,
forb,PLALAN,7,2,17.28,58359,424.1206395,
forb,PLALAN,7,3,7.84,29711,215.9229651,
forb,PLALAN,8,1,11.51,36254,263.4738372,
forb,PLALAN,8,2,13.29,48041,349.1351744,
forb,PLALAN,8,3,4.89,14697,106.809593,
forb,PLALAN,9,1,21.29,45884,333.4593023,
forb,PLALAN,9,2,16.69,57112,415.0581395,
forb,PLALAN,9,3,6.5,17890,130.0145349,
forb,PLALAN,10,1,20.63,51539,374.556686,
forb,PLALAN,10,2,16.12,56110,407.7761628,
forb,PLALAN,10,3,9.78,23964,174.1569767,
forb,PLAMED,1,1,11.94,32478,236.0319767,
forb,PLAMED,1,2,10.19,28289,205.5886628,
forb,PLAMED,1,3,5.28,17001,123.5537791,
forb,PLAMED,2,1,4.53,17570,127.6889535,
forb,PLAMED,2,2,8.4,29935,217.5508721,
forb,PLAMED,2,3,3.7,17910,130.1598837,
forb,PLAMED,3,1,7.76,24175,175.690407,
forb,PLAMED,3,2,8.07,27090,196.875,
forb,PLAMED,3,3,5.26,17180,124.8546512,
forb,PLAMED,4,1,5.91,25626,186.2354651,
forb,PLAMED,4,2,10.63,36552,265.6395349,
forb,PLAMED,4,3,4.92,21830,158.6482558,
forb,PLAMED,5,1,7.15,30215,219.5857558,
forb,PLAMED,5,2,12.04,41390,300.7994186,
forb,PLAMED,5,3,4.47,21152,153.7209302,
forb,PLAMED,6,1,6.89,24286,176.497093,
forb,PLAMED,6,2,8.47,28730,208.7936047,
forb,PLAMED,6,3,6.04,23325,169.5130814,
forb,PLAMED,7,1,9.86,27963,203.2194767,
forb,PLAMED,7,2,12.33,34593,251.4026163,
forb,PLAMED,7,3,9.03,24140,175.4360465,
forb,PLAMED,8,1,7.73,24166,175.625,
forb,PLAMED,8,2,10.25,34430,250.2180233,
forb,PLAMED,8,3,5.59,24070,174.9273256,
forb,PLAMED,9,1,4.5,16994,123.502907,
forb,PLAMED,9,2,5.97,22387,162.6962209,
forb,PLAMED,9,3,3.53,11906,86.52616279,
forb,PLAMED,10,1,3.02,15244,110.7848837,
forb,PLAMED,10,2,4.11,20237,147.0712209,
forb,PLAMED,10,3,2.41,12711,92.37645349,
forb,AGREUP,1,1,12.6,51190,372.0203488,"for his one, l is #1, r is #3. for all other individuals, same c-r-l pattern"
forb,AGREUP,1,2,25.16,83127,604.1206395,
forb,AGREUP,1,3,13.55,51879,377.0276163,
forb,AGREUP,2,1,9.68,36786,267.3401163,
forb,AGREUP,2,2,12.5,52157,379.0479651,
forb,AGREUP,2,3,6.1,26701,194.0479651,
forb,AGREUP,3,1,24.6,102249,743.0886628,
forb,AGREUP,3,2,19.7,70337,511.1700581,
forb,AGREUP,3,3,9.1,37040,269.1860465,
forb,AGREUP,4,1,26.59,95441,693.6119186,
forb,AGREUP,4,2,14.87,45439,330.2252907,
forb,AGREUP,4,3,23.92,84070,610.9738372,
forb,AGREUP,5,1,12.34,48493,352.4200581,
forb,AGREUP,5,2,5.81,22878,166.2645349,
forb,AGREUP,5,3,4.91,20407,148.306686,
forb,AGREUP,6,1,24.53,103967,755.5741279,
forb,AGREUP,6,2,20.13,64770,470.7122093,
forb,AGREUP,6,3,21.87,75371,547.7543605,
forb,AGREUP,7,1,15.56,58485,425.0363372,
forb,AGREUP,7,2,14.97,55113,400.5305233,
forb,AGREUP,7,3,2.67,12458,90.5377907,
forb,AGREUP,8,1,13.6,64313,467.3909884,
forb,AGREUP,8,2,10.42,39336,285.872093,
forb,AGREUP,8,3,5.9,29987,217.9287791,
forb,AGREUP,9,1,21.47,72415,526.2718023,
forb,AGREUP,9,2,10.24,43501,316.1409884,
forb,AGREUP,9,3,4.68,14824,107.7325581,
forb,AGREUP,10,1,20.36,72360,525.872093,
forb,AGREUP,10,2,11.89,40810,296.5843023,
forb,AGREUP,10,3,7.85,33971,246.8822674,
grass,ARRELA,1,1,,18477,134.2805233,
grass,ARRELA,1,2,,48833,354.8909884,
grass,ARRELA,1,3,,62843,456.7078488,
grass,ARRELA,2,1,,21716,157.8197674,
grass,ARRELA,2,2,,38228,277.8197674,
grass,ARRELA,2,3,,53243,386.940407,
grass,ARRELA,3,1,,16231,117.9578488,
grass,ARRELA,3,2,,35731,259.6729651,
grass,ARRELA,3,3,,46631,338.8880814,
grass,ARRELA,4,1,,48847,354.9927326,
grass,ARRELA,4,2,,25995,188.9171512,
grass,ARRELA,4,3,,12321,89.54215116,
grass,ARRELA,5,1,,33653,244.5712209,
grass,ARRELA,5,2,,62095,451.2718023,
grass,ARRELA,5,3,,24692,179.4476744,
grass,ARRELA,6,1,,9800,71.22093023,
grass,ARRELA,6,2,,22389,162.7107558,
grass,ARRELA,6,3,,12363,89.84738372,
grass,ARRELA,7,1,,73721,535.7630814,
grass,ARRELA,7,2,,93873,682.2165698,
grass,ARRELA,7,3,,57580,418.4593023,
grass,ARRELA,8,1,,8058,58.56104651,
grass,ARRELA,8,2,,20604,149.7383721,
grass,ARRELA,8,3,,21039,152.8997093,
grass,ARRELA,9,1,,21157,153.7572674,
grass,ARRELA,9,2,,43273,314.4840116,
grass,ARRELA,9,3,,77796,565.377907,
grass,ARRELA,10,1,,35039,254.6438953,
grass,ARRELA,10,2,,41346,300.4796512,
grass,ARRELA,10,3,,7701,55.96656977,
grass,BROELE,1,1,,26163,190.1380814,
grass,BROELE,1,2,,35386,257.1656977,
grass,BROELE,1,3,,79927,580.8648256,
grass,BROELE,2,1,,36119,262.4927326,
grass,BROELE,2,2,,28821,209.4549419,
grass,BROELE,2,3,,75321,547.3909884,
grass,BROELE,3,1,,28973,210.559593,
grass,BROELE,3,2,,45583,331.2718023,
grass,BROELE,3,3,,66852,485.8430233,
grass,BROELE,4,1,,54628,397.005814,
grass,BROELE,4,2,,26447,192.2020349,
grass,BROELE,4,3,,21903,159.1787791,
grass,BROELE,5,1,,36937,268.4375,
grass,BROELE,5,2,,63892,464.3313953,
grass,BROELE,5,3,,21296,154.7674419,
grass,BROELE,6,1,,26023,189.1206395,
grass,BROELE,6,2,,36758,267.1366279,
grass,BROELE,6,3,,44324,322.122093,
grass,BROELE,7,1,,45427,330.1380814,
grass,BROELE,7,2,,24082,175.0145349,
grass,BROELE,7,3,,24802,180.247093,
grass,BROELE,8,1,,5694,41.38081395,
grass,BROELE,8,2,,30853,224.2223837,
grass,BROELE,8,3,,14754,107.2238372,
grass,BROELE,9,1,,25887,188.1322674,
grass,BROELE,9,2,,14605,106.1409884,
grass,BROELE,9,3,,19212,139.622093,
grass,BROELE,10,1,,26539,192.8706395,
grass,BROELE,10,2,,22027,160.0799419,
grass,BROELE,10,3,,49119,356.9694767,
forb,CENJAC,1,1,21.53,74160,538.9534884,not visually clear which would be 3rd leaf so just going left to right
forb,CENJAC,1,2,20.36,71846,522.1366279,
forb,CENJAC,1,3,14.19,54560,396.5116279,
forb,CENJAC,2,1,31.23,92272,670.5813953,
forb,CENJAC,2,2,35.18,112117,814.8037791,
forb,CENJAC,2,3,33,82835,601.9985465,
forb,CENJAC,3,1,19.37,69924,508.1686047,
forb,CENJAC,3,2,30.35,87428,635.377907,
forb,CENJAC,3,3,16.81,57716,419.4476744,
forb,CENJAC,4,1,22.31,54958,399.4040698,
forb,CENJAC,4,2,18.15,58214,423.0668605,
forb,CENJAC,4,3,15.93,38377,278.9026163,
forb,CENJAC,5,1,4.97,21718,157.8343023,
forb,CENJAC,5,2,10.31,36646,266.3226744,
forb,CENJAC,5,3,11.85,44184,321.1046512,
forb,CENJAC,6,1,10.56,31032,225.5232558,
forb,CENJAC,6,2,11.45,31532,229.1569767,
forb,CENJAC,6,3,16.26,41253,299.8037791,
forb,CENJAC,7,1,3.48,15202,110.4796512,
forb,CENJAC,7,2,11.95,27883,202.6380814,
forb,CENJAC,7,3,10.58,30455,221.3299419,
forb,CENJAC,8,1,12.2,27052,196.5988372,
forb,CENJAC,8,2,24.08,33637,244.4549419,
forb,CENJAC,8,3,17.09,40723,295.9520349,
forb,CENJAC,9,1,5.65,16188,117.6453488,
forb,CENJAC,9,2,9.38,31484,228.8081395,
forb,CENJAC,9,3,16.03,28409,206.4607558,
forb,CENJAC,10,1,2.88,11547,83.91715116,
forb,CENJAC,10,2,9.49,31976,232.3837209,
forb,CENJAC,10,3,9.92,35929,261.1119186,
forb,CREBIE,1,1,5.1,38418,279.2005814,not visually clear which would be 3rd leaf so just going left to right
forb,CREBIE,1,2,6.17,37086,269.5203488,
forb,CREBIE,1,3,5.59,42881,311.6351744,
forb,CREBIE,2,1,10.27,40860,296.9476744,
forb,CREBIE,2,2,8.53,42397,308.1177326,
forb,CREBIE,2,3,9.57,46455,337.6090116,
forb,CREBIE,3,1,11.32,46598,338.6482558,
forb,CREBIE,3,2,10.21,43134,313.4738372,
forb,CREBIE,3,3,11.07,54802,398.2703488,
forb,CREBIE,4,1,3.35,53904,391.744186,
forb,CREBIE,4,2,7.77,35886,260.7994186,
forb,CREBIE,4,3,4.83,27360,198.8372093,
forb,CREBIE,5,1,1032,45845,333.1758721,
forb,CREBIE,5,2,6.94,46722,339.5494186,
forb,CREBIE,5,3,6.77,52660,382.7034884,
forb,CREBIE,6,1,6.44,34749,252.5363372,
forb,CREBIE,6,2,6.88,42889,311.693314,
forb,CREBIE,6,3,9.21,35792,260.1162791,
forb,CREBIE,7,1,7.1,42697,310.2979651,
forb,CREBIE,7,2,7.9,38856,282.3837209,
forb,CREBIE,7,3,6.02,36239,263.3648256,
forb,CREBIE,8,1,6.59,43234,314.2005814,
forb,CREBIE,8,2,4.1,37483,272.4055233,
forb,CREBIE,8,3,6.61,33321,242.1584302,
forb,CREBIE,9,1,7.28,53251,386.9985465,
forb,CREBIE,9,2,6.43,46942,341.1482558,
forb,CREBIE,9,3,10.48,50381,366.1409884,
forb,CREBIE,10,1,5.65,41761,303.4956395,
forb,CREBIE,10,2,5.36,44666,324.6075581,
forb,CREBIE,10,3,6.69,47643,346.2427326,
forb,DAUCAR,1,1,5.28,32504,236.2209302,leaf #3 is starred on the sheet
forb,DAUCAR,1,2,6.32,23805,173.0014535,"again, 12 for some reason?"
forb,DAUCAR,1,3,3.95,23073,167.681686,
forb,DAUCAR,2,1,3.85,29400,213.6627907,
forb,DAUCAR,2,2,4.94,23648,171.8604651,
forb,DAUCAR,2,3,1.61,5914,42.97965116,
forb,DAUCAR,3,1,8.82,32088,233.1976744,
forb,DAUCAR,3,2,10.55,40744,296.1046512,
forb,DAUCAR,3,3,9.08,67645,491.6061047,
forb,DAUCAR,4,1,7.62,49889,362.565407,
forb,DAUCAR,4,2,6.85,36607,266.0392442,
forb,DAUCAR,4,3,2.75,8885,64.57122093,
forb,DAUCAR,5,1,6.53,39206,284.9273256,
forb,DAUCAR,5,2,10.44,27694,201.2645349,
forb,DAUCAR,5,3,7.89,27099,196.940407,
forb,DAUCAR,6,1,9.92,38973,283.2340116,
forb,DAUCAR,6,2,11.37,54455,395.7485465,
forb,DAUCAR,6,3,2.95,10397,75.55959302,
forb,DAUCAR,7,1,11.39,53050,385.5377907,
forb,DAUCAR,7,2,9.07,53311,387.434593,
forb,DAUCAR,7,3,3.04,10183,74.00436047,
forb,DAUCAR,8,1,2.49,12808,93.08139535,
forb,DAUCAR,8,2,4.24,21811,158.5101744,
forb,DAUCAR,8,3,1.48,5499,39.96366279,
forb,DAUCAR,9,1,5.15,39776,289.0697674,
forb,DAUCAR,9,2,8.04,26512,192.6744186,
forb,DAUCAR,9,3,0.85,2447,17.78343023,
forb,DAUCAR,10,1,3.64,19671,142.9578488,
forb,DAUCAR,10,2,10.66,48674,353.7354651,
forb,DAUCAR,10,3,3.49,8422,61.20639535,
forb,DIACAR,1,1,3.45,9977,72.50726744,"assuming 3rd leaf is on the left, entered c-r-l"
forb,DIACAR,1,2,2.73,6118,44.4622093,
forb,DIACAR,1,3,2.26,10871,79.00436047,
forb,DIACAR,2,1,0.89,3565,25.90843023,
forb,DIACAR,2,2,0.83,3860,28.05232558,
forb,DIACAR,2,3,0.92,4479,32.55087209,
forb,DIACAR,3,1,0.6,4936,35.87209302,
forb,DIACAR,3,2,0.37,4596,33.40116279,
forb,DIACAR,3,3,1.11,4457,32.39098837,
forb,DIACAR,4,1,1.17,5533,40.21075581,
forb,DIACAR,4,2,1.12,5494,39.92732558,
forb,DIACAR,4,3,0.83,3838,27.89244186,
forb,DIACAR,5,1,0.75,2432,17.6744186,
forb,DIACAR,5,2,0.72,3086,22.42732558,
forb,DIACAR,5,3,1.66,5501,39.97819767,
forb,DIACAR,6,1,2.36,5508,40.02906977,
forb,DIACAR,6,2,1.66,5289,38.4375,
forb,DIACAR,6,3,2.28,7696,55.93023256,
forb,DIACAR,7,1,0.61,4040,29.36046512,
forb,DIACAR,7,2,0.5,3553,25.82122093,
forb,DIACAR,7,3,1.45,7795,56.6497093,
forb,DIACAR,8,1,0.68,1941,14.10610465,
forb,DIACAR,8,2,0.76,2560,18.60465116,
forb,DIACAR,8,3,1.85,5811,42.23110465,
forb,DIACAR,9,1,1.9,10006,72.71802326,
forb,DIACAR,9,2,1.12,11082,80.5377907,
forb,DIACAR,9,3,0.64,5552,40.34883721,
forb,DIACAR,10,1,0.29,1369,9.949127907,
forb,DIACAR,10,2,0.27,3097,22.50726744,
forb,DIACAR,10,3,0.74,5548,40.31976744,
grass,FESRUP,1,1,,4649,33.78633721,not visually clear which would be 3rd leaf so just going left to right
grass,FESRUP,1,2,,6966,50.625,
grass,FESRUP,1,3,,5378,39.08430233,
grass,FESRUP,2,1,,4291,31.18459302,
grass,FESRUP,2,2,,3951,28.71366279,
grass,FESRUP,2,3,,5698,41.40988372,
grass,FESRUP,3,1,,3491,25.37063953,
grass,FESRUP,3,2,,6610,48.0377907,
grass,FESRUP,3,3,,6718,48.82267442,
grass,FESRUP,4,1,,8322,60.47965116,
grass,FESRUP,4,2,,4577,33.2630814,
grass,FESRUP,4,3,,8679,63.07412791,
grass,FESRUP,5,1,,3087,22.43459302,
grass,FESRUP,5,2,,4147,30.1380814,
grass,FESRUP,5,3,,2189,15.90843023,
grass,FESRUP,6,1,,7009,50.9375,
grass,FESRUP,6,2,,2549,18.5247093,
grass,FESRUP,6,3,,4820,35.02906977,
grass,FESRUP,7,1,,2850,20.7122093,
grass,FESRUP,7,2,,6585,47.85610465,
grass,FESRUP,7,3,,5275,38.33575581,
grass,FESRUP,8,1,,1074,7.805232558,
grass,FESRUP,8,2,,9044,65.72674419,
grass,FESRUP,8,3,,6820,49.56395349,
grass,FESRUP,9,1,,2040,14.8255814,
grass,FESRUP,9,2,,8578,62.34011628,
grass,FESRUP,9,3,,9288,67.5,
grass,FESRUP,10,1,,9073,65.9375,
grass,FESRUP,10,2,,4333,31.48982558,
grass,FESRUP,10,3,,2542,18.47383721,
forb,TRIREP,1,1,5.11,27196,197.6453488,c-r-l (top right first)
forb,TRIREP,1,2,2.2,10783,78.36482558,
forb,TRIREP,1,3,4.32,30038,218.2994186,
forb,TRIREP,2,1,8.05,40786,296.4098837,
forb,TRIREP,2,2,1.4,8874,64.49127907,
forb,TRIREP,2,3,7.42,36680,266.5697674,
forb,TRIREP,3,1,4.01,30732,223.3430233,
forb,TRIREP,3,2,2.9,12589,91.48982558,
forb,TRIREP,3,3,5.68,30280,220.0581395,
forb,TRIREP,4,1,5.1,23818,173.0959302,
forb,TRIREP,4,2,2.2,10421,75.73401163,
forb,TRIREP,4,3,3.64,27513,199.9491279,
forb,TRIREP,5,1,7.72,46945,341.1700581,
forb,TRIREP,5,2,3.69,16418,119.3168605,
forb,TRIREP,5,3,8.46,34846,253.2412791,
forb,TRIREP,6,1,3.81,29742,216.1482558,
forb,TRIREP,6,2,2.91,11735,85.28343023,
forb,TRIREP,6,3,5.73,24286,176.497093,
forb,TRIREP,7,1,5.65,32555,236.5915698,
forb,TRIREP,7,2,2.2,16451,119.556686,
forb,TRIREP,7,3,4.99,31452,228.5755814,
forb,TRIREP,8,1,4.91,31283,227.3473837,
forb,TRIREP,8,2,3.3,18165,132.0130814,
forb,TRIREP,8,3,5.59,36522,265.4215116,
forb,TRIREP,9,1,7.72,47874,347.9215116,
forb,TRIREP,9,2,3.77,18188,132.1802326,
forb,TRIREP,9,3,8.46,42990,312.4273256,
forb,TRIREP,10,1,6.05,48689,353.8444767,
forb,TRIREP,10,2,2.34,17895,130.0508721,
forb,TRIREP,10,3,7.57,45320,329.3604651,
forb,TRIPRA,1,1,13.05,50575,367.5508721,c-r-l (top right first)
forb,TRIPRA,1,2,9,30132,218.9825581,
forb,TRIPRA,1,3,7.52,42032,305.4651163,
forb,TRIPRA,2,1,13.61,51856,376.8604651,
forb,TRIPRA,2,2,6.38,29859,216.9985465,
forb,TRIPRA,2,3,8.32,40889,297.1584302,
forb,TRIPRA,3,1,14.4,51955,377.5799419,
forb,TRIPRA,3,2,4.61,26633,193.5537791,
forb,TRIPRA,3,3,10.94,57263,416.1555233,
forb,TRIPRA,4,1,8.5,42059,305.6613372,
forb,TRIPRA,4,2,5.67,22842,166.002907,
forb,TRIPRA,4,3,9.08,47500,345.2034884,
forb,TRIPRA,5,1,11.75,66177,480.9375,
forb,TRIPRA,5,2,6.02,27455,199.5276163,
forb,TRIPRA,5,3,10.37,63589,462.1293605,
forb,TRIPRA,6,1,5.37,40227,292.3473837,
forb,TRIPRA,6,2,3.67,21660,157.4127907,
forb,TRIPRA,6,3,7.24,31960,232.2674419,
forb,TRIPRA,7,1,4.87,25126,182.6017442,
forb,TRIPRA,7,2,4.11,17072,124.0697674,
forb,TRIPRA,7,3,2.82,15772,114.622093,
forb,TRIPRA,8,1,8.6,43622,317.0203488,
forb,TRIPRA,8,2,6.6,27420,199.2732558,
forb,TRIPRA,8,3,5.29,35857,260.5886628,
forb,TRIPRA,9,1,8.75,48621,353.3502907,
forb,TRIPRA,9,2,6.06,23630,171.7296512,
forb,TRIPRA,9,3,11.92,38687,281.1555233,
forb,TRIPRA,10,1,7.21,40228,292.3546512,
forb,TRIPRA,10,2,2.85,19601,142.4491279,
forb,TRIPRA,10,3,5.33,35547,258.3357558,
forb,VERCHA,1,1,1.8,11498,83.56104651,c-r-l (top right first)
forb,VERCHA,1,2,1.84,11373,82.65261628,
forb,VERCHA,1,3,0.92,5556,40.37790698,
forb,VERCHA,2,1,2.49,15136,110,
forb,VERCHA,2,2,2.98,16843,122.4055233,
forb,VERCHA,2,3,2.8,12536,91.10465116,
forb,VERCHA,3,1,1.52,11305,82.15843023,
forb,VERCHA,3,2,1.63,11178,81.23546512,
forb,VERCHA,3,3,1.53,10116,73.51744186,
forb,VERCHA,4,1,1.6,10493,76.25726744,
forb,VERCHA,4,2,1.61,10435,75.83575581,
forb,VERCHA,4,3,1.23,8845,64.28052326,
forb,VERCHA,5,1,1.51,9383,68.19040698,
forb,VERCHA,5,2,1.52,9164,66.59883721,
forb,VERCHA,5,3,1.12,7318,53.18313953,
forb,VERCHA,6,1,1.7,12320,89.53488372,
forb,VERCHA,6,2,1.45,10976,79.76744186,
forb,VERCHA,6,3,1.32,9624,69.94186047,
forb,VERCHA,7,1,1.78,11745,85.35610465,
forb,VERCHA,7,2,1.6,10711,77.84156977,
forb,VERCHA,7,3,0.75,6144,44.65116279,
forb,VERCHA,8,1,1.46,12187,88.56831395,
forb,VERCHA,8,2,1.68,12830,93.24127907,
forb,VERCHA,8,3,0.58,4075,29.61482558,
forb,VERCHA,9,1,1.76,10693,77.71075581,
forb,VERCHA,9,2,1.73,10153,73.78633721,
forb,VERCHA,9,3,1.4,9852,71.59883721,
forb,VERCHA,10,1,1.52,13283,96.53343023,
forb,VERCHA,10,2,1.77,11672,84.8255814,
forb,VERCHA,10,3,0.85,7238,52.60174419,
forb,CERHOL,1,1,1.68,,61.35583,
forb,CERHOL,1,2,1.36,,56.57827,
forb,CERHOL,1,3,0.8,,29.48353,
forb,CERHOL,2,1,1.86,,75.76887,
forb,CERHOL,2,2,1.98,,81.2185,
forb,CERHOL,2,3,0.79,,35.35686,
forb,CERHOL,3,1,3.3,,96.79305,
forb,CERHOL,3,2,3.33,,104.00321,
forb,CERHOL,3,3,1.46,,69.03353,
forb,CERHOL,4,1,2.29,,68.80707,
forb,CERHOL,4,2,2.1,,64.98649,
forb,CERHOL,4,3,1.21,,52.61889,
forb,CERHOL,5,1,2.18,,75.35978,
forb,CERHOL,5,2,1.95,,66.92965,
forb,CERHOL,5,3,0.79,,36.10928,
forb,CERHOL,6,1,1.83,,63.86416,
forb,CERHOL,6,2,1.92,,60.52556,
forb,CERHOL,6,3,1.51,,70.47674,
forb,CERHOL,7,1,1.03,,38.27542,
forb,CERHOL,7,2,0.97,,37.44974,
forb,CERHOL,7,3,0.62,,26.12005,
forb,CERHOL,8,1,2.33,,81.62694,
forb,CERHOL,8,2,0.46,,83.60138,
forb,CERHOL,8,3,1.13,,45.12493,
forb,CERHOL,9,1,2.05,,67.89202,
forb,CERHOL,9,2,2.06,,66.14733,
forb,CERHOL,9,3,1.07,,46.15164,
forb,CERHOL,10,1,1.73,,61.61689,
forb,CERHOL,10,2,1.8,,62.34922,
forb,CERHOL,10,3,0.5,,24.20304,
forb,LAMPUR,1,1,7.33,,308.72343,
forb,LAMPUR,1,2,6.52,,304.40839,
forb,LAMPUR,1,3,0.93,,35.51838,
forb,LAMPUR,2,1,8.68,,360.84865,
forb,LAMPUR,2,2,8,,342.77714,
forb,LAMPUR,2,3,1.84,,64.4529,
forb,LAMPUR,3,1,6.63,,308.95319,
forb,LAMPUR,3,2,6.29,,306.97157,
forb,LAMPUR,3,3,1.17,,46.91269,
forb,LAMPUR,4,1,1.98,,109.54911,
forb,LAMPUR,4,2,2.43,,111.7174,
forb,LAMPUR,4,3,0.38,,16.37708,
forb,LAMPUR,5,1,3.71,,145.08185,
forb,LAMPUR,5,2,3.27,,126.4216,
forb,LAMPUR,5,3,1.23,,36.84664,
forb,LAMPUR,6,1,7.73,,318.55256,
forb,LAMPUR,6,2,7.89,,314.44572,
forb,LAMPUR,6,3,1.53,,59.89374,
forb,LAMPUR,7,1,6.96,,246.20908,
forb,LAMPUR,7,2,7.25,,242.94945,
forb,LAMPUR,7,3,1.69,,57.2803,
forb,LAMPUR,8,1,4.18,,167.23148,
forb,LAMPUR,8,2,3.99,,148.90149,
forb,LAMPUR,8,3,1.22,,35.4394,
forb,LAMPUR,9,1,9.68,,388.75646,
forb,LAMPUR,9,2,9.26,,387.38512,
forb,LAMPUR,9,3,1.74,,67.44687,
forb,LAMPUR,10,1,9.88,,363.85698,
forb,LAMPUR,10,2,10.49,,351.60827,
forb,LAMPUR,10,3,3.02,,100.12206,
forb,LYCHFLC,1,1,1.87,,88.7855,
forb,LYCHFLC,1,2,1.88,,78.15429,
forb,LYCHFLC,1,3,0.66,,24.73439,
forb,LYCHFLC,2,1,1.62,,64.26637,
forb,LYCHFLC,2,2,1.61,,60.01667,
forb,LYCHFLC,2,3,0.63,,25.83848,
forb,LYCHFLC,3,1,2.86,,111.42976,
forb,LYCHFLC,3,2,2.33,,92.16721,
forb,LYCHFLC,3,3,1.4,,54.83647,
forb,LYCHFLC,4,1,3.59,,125.95653,
forb,LYCHFLC,4,2,3.42,,110.42983,
forb,LYCHFLC,4,3,2.09,,88.72995,
forb,LYCHFLC,5,1,2.45,,75.19617,
forb,LYCHFLC,5,2,2.64,,108.15221,
forb,LYCHFLC,5,3,1.02,,38.22651,
forb,LYCHFLC,6,1,2.27,,94.60454,
forb,LYCHFLC,6,2,2.33,,96.47941,
forb,LYCHFLC,6,3,0.72,,28.85911,
forb,LYCHFLC,7,1,1.91,,70.45344,
forb,LYCHFLC,7,2,2.06,,74.97396,
forb,LYCHFLC,7,3,0.58,,23.55392,
forb,LYCHFLC,8,1,1.04,,43.60114,
forb,LYCHFLC,8,2,1.01,,38.92785,
forb,LYCHFLC,8,3,0.54,,19.7764,
forb,LYCHFLC,9,1,2.51,,81.56378,
forb,LYCHFLC,9,2,2.67,,94.93785,
forb,LYCHFLC,9,3,0.58,,34.09485,
forb,LYCHFLC,10,1,2.27,,72.05055,
forb,LYCHFLC,10,2,2.8,,106.00653,
forb,LYCHFLC,10,3,1.15,,38.53205,
